id;first_name;last_name;middle_name;email;date_of_birth;gender;registeration_date;last_access;telephone;mobile;thumbnail_photo_url;full_photo_url;active;key;about;portfolia;leave_date;is_showing_home;image_url
1;Manuel;Brekke;Buckinghamshire withdrawal;Stewart20@hotmail.com;2020-12-27;OTHER;2020-12-27;2020-12-26T17:06:30;1-771-088-6590;indexing;invoice Computers;azure;true;Tools;Corporate GB;../fake-data/blob/hipster.txt;2020-12-27;true;Cotton Bhutan convergence
2;Edmund;Hamill;bypass Concrete;Hulda.Grady71@gmail.com;2020-12-26;FEMALE;2020-12-27;2020-12-26T20:11:25;1-434-476-3294;withdrawal withdrawal Credit Card Account;Kansas architecture Buckinghamshire;hack optical;false;Tasty Sleek technologies;Rufiyaa Soft Savings Account;../fake-data/blob/hipster.txt;2020-12-27;true;Radial Automotive
3;Jamey;Wintheiser;incentivize Table;Dallas_Crooks99@hotmail.com;2020-12-26;MALE;2020-12-27;2020-12-26T10:52:46;1-418-045-2164 x9247;purple recontextualize Garden;Kids;Parkway Personal Loan Account Future;true;cross-platform Senior;auxiliary;../fake-data/blob/hipster.txt;2020-12-26;false;radical Granite
4;Kayla;Cole;Infrastructure;Joanie_Doyle66@yahoo.com;2020-12-26;FEMALE;2020-12-27;2020-12-26T15:54:53;(561) 725-9555 x2061;contextually-based transmitter;Garden Senior;circuit;true;Village green invoice;generate;../fake-data/blob/hipster.txt;2020-12-27;true;Baby
5;Nikolas;Nolan;driver;Alysson5@yahoo.com;2020-12-26;OTHER;2020-12-27;2020-12-27T04:41:04;1-281-140-6282 x80536;e-enable unleash;syndicate;Yen Codes specifically reserved for testing purposes;true;United Kingdom Credit Card Account;Sleek;../fake-data/blob/hipster.txt;2020-12-26;false;firewall
6;Geoffrey;Bernier;Dynamic;Jed9@gmail.com;2020-12-27;FEMALE;2020-12-26;2020-12-27T01:14:42;1-241-800-3267 x9420;Fantastic Concrete Towels Mills;streamline extend secured line;driver Canada virtual;false;Usability indexing utilisation;Awesome Concrete Mouse zero tolerance;../fake-data/blob/hipster.txt;2020-12-26;true;quantify
7;Ernest;Rau;orchestrate Games;Rachael_Mayert@yahoo.com;2020-12-26;OTHER;2020-12-26;2020-12-26T10:31:45;908-026-3138;ROI;bluetooth Philippine Peso;Handmade Frozen Pants;true;3rd generation B2B;Dynamic;../fake-data/blob/hipster.txt;2020-12-27;true;Visionary Forward
8;Marcia;Rau;navigating;General78@gmail.com;2020-12-27;OTHER;2020-12-26;2020-12-26T13:00:29;837-277-2238;copying Yemeni Rial;Naira overriding;Response Enhanced Wyoming;true;Cheese SQL;Directives action-items Barbados Dollar;../fake-data/blob/hipster.txt;2020-12-27;false;Savings Account Tenge
9;Domenico;Maggio;process improvement Accountability bricks-and-clicks;Delfina_Barton@hotmail.com;2020-12-27;MALE;2020-12-26;2020-12-27T07:55:53;854.437.7599 x75763;index THX bypass;Principal New York Investment Account;Avon;false;Taiwan invoice e-tailers;Beauty;../fake-data/blob/hipster.txt;2020-12-26;true;generating
10;Flavie;Doyle;Money Market Account Borders Bahamas;Raoul_Medhurst@yahoo.com;2020-12-26;MALE;2020-12-27;2020-12-26T13:43:37;(357) 739-7626 x13912;Web Spurs Rhode Island;Lead;auxiliary optical Way;false;payment Liaison extend;6th generation;../fake-data/blob/hipster.txt;2020-12-26;true;Home Loan Account
